Patient ID,Title,First Name,Surname,Address,Email
1,Mr.,George,Pike,No. 21 Wood Road,wrgp21@hotmail.com
2,Mr.,Brian,Allen,No. 3 Green Avenue,whitecard99@hotmail.com
3,Mr.,Michael,Parker,No. 6 Greenhill Close,mnimc1967@gmail.com
4,Mr.,Aaron,Andrews,No. 1 Redpike Lane,aircraft67andrews@hotmail.co.uk
5,Mrs.,Alice,Andrews,No. 1 Redpike Lane,wonderland68@hotmail.co.uk
6,Mr.,Christopher,Sellers,No. 7 Highhill Crescent,goldenskytoday123@hotmail.com
7,Mr.,Norman,Hill,No. 37 Openend Road,tallhill551@gmail.com
8,Ms.,Victoria,Dove,No. 26 Fastcurrent Road,flyingpigeon92@hotmail.com
9,Mr.,Daniel,Baker,No. 14 Which Road,breadandcircuses76@gmail.com
10,Mr.,Sam,Fisher,No. 3 Nowhere Road,sfisher3rdechelon@hotmail.com
11,Mr.,John,Smith,AAAA,AAAAAAA
